{"cameraMode":{"drawMode":0,"name":"Shaded","section":"Shading Mode"},"sceneLighting":false,"audioPlay":false,"sceneViewState":{"m_AlwaysRefresh":false,"showFog":true,"showSkybox":false,"showFlares":true,"showImageEffects":true,"showParticleSystems":true,"showVisualEffectGraphs":true,"m_FxEnabled":true},"in2DMode":false,"pivot":{"x":-0.0000026226043701171877,"y":0.10261714458465576,"z":0.002058267593383789},"rotation":{"x":0.12268644571304321,"y":0.0163714736700058,"z":-0.001996362116187811,"w":0.9923403263092041},"size":7.920912742614746,"orthographic":false}