{"cameraMode":{"drawMode":0,"name":"Shaded","section":"Shading Mode"},"sceneLighting":true,"audioPlay":false,"sceneViewState":{"m_AlwaysRefresh":false,"showFog":true,"showSkybox":true,"showFlares":true,"showImageEffects":true,"showParticleSystems":true,"showVisualEffectGraphs":true,"m_FxEnabled":true},"in2DMode":false,"pivot":{"x":504.2752685546875,"y":1.1692428588867188,"z":301.6104431152344},"rotation":{"x":0.34621351957321169,"y":-0.07194958627223969,"z":0.026674561202526094,"w":0.9350641369819641},"size":250.82403564453126,"orthographic":false}