{"cameraMode":{"drawMode":0,"name":"Shaded","section":"Shading Mode"},"sceneLighting":true,"audioPlay":false,"sceneViewState":{"m_AlwaysRefresh":false,"showFog":true,"showSkybox":true,"showFlares":true,"showImageEffects":true,"showParticleSystems":true,"showVisualEffectGraphs":true,"m_FxEnabled":true},"in2DMode":false,"pivot":{"x":-8.707376480102539,"y":15.865772247314454,"z":-14.770452499389649},"rotation":{"x":0.05563049763441086,"y":0.8924681544303894,"z":-0.43277132511138918,"w":0.1146763488650322},"size":30.227306365966798,"orthographic":false}