{"cameraMode":{"drawMode":0,"name":"Shaded","section":"Shading Mode"},"sceneLighting":true,"audioPlay":false,"sceneViewState":{"m_AlwaysRefresh":false,"showFog":true,"showSkybox":true,"showFlares":true,"showImageEffects":true,"showParticleSystems":true,"showVisualEffectGraphs":true,"m_FxEnabled":true},"in2DMode":false,"pivot":{"x":-14.771936416625977,"y":-4.4105119705200199,"z":6.651059150695801},"rotation":{"x":0.40420058369636538,"y":0.2369755655527115,"z":-0.10923760384321213,"w":0.8766728043556213},"size":32.146141052246097,"orthographic":false}